keywords,pv,uv
开学考,1347,187
一模,1154,156
数学,620,120
英语,444,109
物理,516,98
期末,667,92
江南十校,464,81
化学,380,78
导数,175,76
中考,260,60
语文,247,59
高考,158,59
潍坊一模 2026,180,54
生物,256,54
江南 10 十校 3月份 联考2025高三,220,52
月考,277,50
免费,103,48
长郡,172,42
历史,199,41
地理,195,38
九师联盟,195,37
哈三中,185,37
日语,162,37
济南 026高三一模,90,37
二模,290,36
成都七中,144,36
数列,68,35
作文,114,34
长郡中学,119,34
政治,139,33
济南一模,96,33
潍坊一模,122,33
圆锥曲线,90,32
合肥一模,83,30
期中,277,30
济南 一模 2026,129,29
第一次月考,219,29
名校联盟,116,28
黑龙江省实验中学,155,28
2026 0 1 一 卷浙江首考,76,27
天一大联考,87,27
江南 10 十校,131,27
黑龙江省2026实验中学高三,128,27
单招,152,26
自主招生,141,26
雅礼中学,94,26
辽宁名校联盟,118,25
2026,287,24
上好课,124,24
学易金卷,150,24
黑龙江,130,24
一模 2025,209,23
三角函数,67,23
巴蜀中学,85,23
立体几何,56,23
雅礼,80,23
黑龙江省实验中学2026届高三学年联合模拟考试,119,23
开学考试,232,22
浙江,84,22
潍坊 023 2026高三 一模,65,22
苏州,75,22
八省联考,56,21
合肥 一模 2026,74,21
武汉二调,45,21
烟台一模,83,21
菏泽一模,85,21
课件,80,21
T8,51,20
南通,96,20
山东,95,20
巴蜀,114,20
炎德英才,68,20
重庆八中,116,20
镇海中学,64,20
南通 026高三一模,65,19
师大附中,51,19
深圳中学,43,19
潍坊,78,19
语法填空,63,19
重庆,131,19
东北师大附中,78,18
哈尔滨第三中学,51,18
天一,36,18
安徽 A 10联盟,54,18
开学,107,18
开学测,104,18
江南 十校 2月份 2025高三,82,18
苏北四市,46,18
高三,197,18
高三一模,73,18
2025,58,17
T8联考,57,17
Z20名校联盟,46,17
听力,68,17
广东,71,17
期初考试,83,17
武汉,67,17
金太阳,67,17
A10联盟,59,16
Z20,64,16
人大附中,53,16
南开,109,16
南开中学,47,16
向量,38,16
山东名校考试联盟,69,16
深圳一模,51,16
炎德英才大联考,45,16
竞赛,64,16
苏州中学,43,16
西南大学附属中学,60,16
高三数学,49,16
黑龙江实验中学高三一模,103,16
黑龙江省实验中学 2025 高三一模,56,16
2026年合肥市高三第一次教学质量检测,48,15
A10,45,15
九年级下学期期末,45,15
二次根式,42,15
会考,52,15
南京,60,15
寒假作业,103,15
常州,49,15
平面向量,48,15
湖北,101,15
联考,83,15
试卷,139,15
镇江 026高三零模,43,15
青岛,57,15
A10 2月安徽,56,14
T 8 12月联考,47,14
Z20名校联盟 浙江省名校新高考研究联盟 2026届高三第二次联考,36,14
一中,33,14
专题,52,14
九省联考,46,14
二次函数,36,14
八中,68,14
合肥 1一模,38,14
名校协作体,80,14
山东一模2026,56,14
无锡 026高三期末,32,14
江苏,78,14
泉州,67,14
泰安 一模 2026,57,14
济宁一模,71,14
浙江 026届 高三,31,14
湖南,63,14
衡水中学,54,14
辽宁,60,14
阅读理解,75,14
a10,60,13
函数,27,13
名校联盟3月,45,13
哈3中,34,13
大连24中,34,13
天一中学,47,13
山东省实验中学,34,13
开学考 2024 2025 下学期,51,13
文言文,18,13
无锡,33,13
月考卷,56,13
期 末,115,13
期末考试,75,13
武汉 0 9月调,35,13
江西省重点中学协作体2026届高三第一次联考,62,13
浙江1月,45,13
湖南师范大学附属中学,48,13
红楼梦,40,13
襄阳四中,70,13
解三角形,35,13
长沙,44,13
零模,53,13
2025 江南十校 3月 高三联考,49,12
3月月考,74,12
A10 联盟 2月安徽高三开年考,34,12
z20,50,12
一摸,35,12
一模 2026,36,12
东北三省三校,42,12
云学联盟2月,48,12
佛山一模,33,12
厦门,41,12
合肥 1中,31,12
合肥 一模,33,12
学军中学,33,12
导数 2025 常考大题归纳综合一轮复习,32,12
必刷题,23,12
期初,89,12
步步高,63,12
江南 十校,85,12
江西,81,12
沈阳一模,21,12
济南 1摸,26,12
潍坊 023 2024高三上学期 一模,28,12
福建,67,12
重庆一中,46,12
高二下开学考,51,12
高考语文,19,12
黑龙江省教育学会示范性高中专业委员会高三年级第一次模拟考试,91,12
2026 合肥市高三第一次教学质量检测,39,11
2026一模,30,11
3月,45,11
东北师范大学附属中学,31,11
云学联盟,37,11
南通 一 模 2026,34,11
合肥一中,51,11
哈尔滨,27,11
山东期末,61,11
广东一模,54,11
开学考高一下,56,11
强基联盟,36,11
成都 1 诊,16,11
江南十校 3月 考试,45,11
河南,69,11
深圳,65,11
电磁感应,53,11
贵州,36,11
镇江,28,11
青岛一模,35,11
青桐鸣,40,11
高二期末,57,11
高考数学,22,11
高考真题,32,11
龙东十校联盟,40,11
2025 0 1 1卷 数学,18,10
2025高考,17,10
一元二次方程,24,10
一战成名,89,10
一模卷,51,10
七年级下学期阶段检测,45,10
东北育才,43,10
云南师范大学附属中学,70,10
免费的试卷,35,10
凯里一中 2026 黄金二卷,64,10
北京,82,10
南京师范大学附属中学,60,10
南京盐城一模,21,10
南通一模,17,10
合肥 1 模,50,10
合肥168,30,10
四川,31,10
好题汇编,69,10
导 数,20,10
小升初,36,10
广东中考,32,10
开学考 2025至2026,25,10
扬州,41,10
模拟,38,10
沈阳,99,10
济南 1模,29,10
济南市2 026高三一模,17,10
济南市2026届高三第一次模拟考试,23,10
济宁一模2025,23,10
浙江首考,32,10
湖南师大附中,23,10
生地会考真题,50,10
百师联盟,52,10
知识点,32,10
福建名校联盟2026高三二月,23,10
经典常谈,17,10
衡水金卷,26,10
辽宁省名校联盟,47,10
辽宁省实验中学,29,10
长郡中学 026高三,54,10
雅礼2026届高三月考试卷答案,35,10
青岛二中,25,10
高 考 1 202 年 2025全国 高考,34,10
高一期末,59,10
黑龙江一模,55,10
2025 0 1全国1数学真题,26,9
2025 高考,16,9
2025届安徽江南十校,28,9
2025年江南十校高三3月一模安徽,60,9
2025江南十校,36,9
2026济南1月高三一模,34,9
2026潍坊一模,23,9
www zxxk com,45,9
七彩阳光 高三开学考,59,9
东北三省三校2025年高三第一次联合模拟考试,33,9
中考 02026 一轮复习,26,9
云学联盟2月湖北,14,9
单招2025真题数学,48,9
历史01一轮复习知识点归纳,19,9
历城二中,41,9
合肥,33,9
哈师大附中,33,9
圆,22,9
天津一中,34,9
山东一模,28,9
广州 0 模,16,9
广州一模,24,9
开学考高二下,27,9
强基,30,9
成都 七中,26,9
成都一诊,21,9
方程,29,9
有机化学,24,9
期末试卷,50,9
概率,27,9
汕头一模,40,9
江南十校 3月份 联考2025高三,15,9
沈阳 1模,29,9
泉州市 2026 届高中毕业班质量监测 二,22,9
泰安一模,19,9
济南,35,9
济南 1期末,17,9
浙江Z20,25,9
浮力,26,9
烟台,37,9
百强校,14,9
福建中考,22,9
组卷网,20,9
绵阳 2 诊,32,9
耀华中学,26,9
自招,40,9
英语作文,24,9
菏泽,29,9
衡水,24,9
计算,27,9
辽南协作体,28,9
辽宁阶段检测,34,9
重庆八中开学考,38,9
长沙一模,23,9
高三化学,28,9
高三物理,16,9
龙东,109,9
2022 0 1全国1 数学高考,25,8
2025 0 1全国1一卷英语卷高考,13,8
2025届安徽省江南十校联考,47,8
2025年普通高等学校招生全国统一考试,33,8
2026届高三2月学情检测,29,8
2026年2月高三核心素养评估,61,8
A10 1号 高三开年考,19,8
t8,17,8
www zxxk com参考答案,35,8
一模2026,41,8
一次函数,32,8
七中,21,8
上海,43,8
上海中学,24,8
东华中学2026届高三联考英语,14,8
中考一模,44,8
中考模拟卷,24,8
中考真题,38,8
临沂,26,8
临沂一模,57,8
九年级,23,8
作文素材,21,8
俄语,35,8
单词,27,8
南开 重庆,59,8
合格考,58,8
哈尔滨师范大学附属中学,25,8
因式分解,25,8
圆周运动,18,8
大连,45,8
天体运动,14,8
天津,37,8
天津市第一中学,32,8
完型填空,25,8
导数专题,13,8
导数大题,9,8
常州 026高三一模,24,8
广东阶段检测,16,8
开学考 2024 2025 高一下学期,35,8
开学考 八下,39,8
成都,33,8
数 学,31,8
梅州一模,61,8
武汉 0 2月调 高三,14,8
浙江 1 2026高考,13,8
浙江 1月 首考2026高考,18,8
浙江强基联盟,21,8
海安,20,8
淄博 1月 2026高三期末,17,8
潍坊 2025 2026 期末考试,19,8
潍坊一模 2026语文,17,8
生地会考,61,8
省实验,20,8
福州,53,8
福州一中,45,8
福建名校联盟,28,8
组卷,16,8
芜湖一模,41,8
苏北四市 026高三一模,21,8
西附,27,8
课本,26,8
辽宁 名校联盟,32,8
辽宁省名校联盟2025年高三3月份联合考试,25,8
重庆南开中学,32,8
长沙市2026年高三年级模拟考试,20,8
高二数学,20,8
黑龙江 1月2026联考高三,22,8
黑龙江实验中学2026高三一模,50,8
2024,21,7
2025 0 1 二卷 数学 真题,10,7
2026年1 月6号浙江高考首考,21,7
2026年沈阳市高中三年级教学质量检测 一,24,7
2026年高考第一次模拟考试,17,7
A10 1号 2026年2月26日高三开年考,25,7
七年级,35,7
三年级下学期阶段检测,28,7
三省三校 黑龙江哈师大附中 东北师大附中 辽宁实验中学 2025 2026数学,27,7
专项复习,22,7
东华高级中学,23,7
东莞,26,7
东营一模,21,7
中考卷2025年真题,28,7
中考数学,25,7
中考试卷,12,7
二项式定理,12,7
云南师大附中,27,7
佛山,22,7
信息技术,30,7
儒林外史,19,7
免费专区,12,7
入学考试,34,7
八下,26,7
八下开学考,41,7
八中 重庆,22,7
动量,18,7
十堰市2026年高三元月调研考试,15,7
南师附中,22,7
南昌二中,15,7
压轴题,21,7
反比例函数,19,7
听力 100篇,21,7
听力 100篇专项训练,15,7
圆创,16,7
地生会考,19,7
地生会考2025真题,25,7
基因工程,16,7
基本不等式,17,7
大湾区,34,7
大连双基,19,7
威海,18,7
安徽中考,13,7
实验中学,16,7
山东名校联盟,22,7
山东潍坊一模,29,7
平面直角坐标系,22,7
广东一模 2025,15,7
开学考九下,31,7
德强,23,7
数学一模,25,7
数学期末,23,7
昆明市第一中学 2 026届高三年级1月诊断,21,7
昆虫记,12,7
有机,17,7
杭州一模,26,7
梅州市一模,37,7
模拟卷,29,7
江南十校 3月 考试高三,17,7
江西师大附中,32,7
沙市中学,30,7
河北,32,7
泉州五中,22,7
泰安2026高三一模,16,7
济宁,26,7
浙江 Z20 2026 届高三第二次联考,16,7
温州 1 5模,20,7
潍坊 一模 2026,25,7
潍坊一模物理,14,7
理综合卷,17,7
理解性默写,20,7
生物 1轮复习,14,7
皋城中学,43,7
知识清单,22,7
石家庄二中,18,7
福建期末,21,7
答案,16,7
结课考,26,7
绵阳二诊,25,7
自主招生数学,18,7
苏州 0 模 2026 高三,11,7
英語,24,7
英语 听力2025 含听力材料及录音,25,7
英语听力,30,7
荆州中学,31,7
衡水 金卷 02026 先 享 卷,41,7
襄阳五中,10,7
解三角形大题,13,7
重庆 0224八中,15,7
重庆中考,14,7
金华十校,23,7
长郡12月份联考,16,7
长郡二十校,11,7
阅读,37,7
高一下3月月考,22,7
高一下开学考,40,7
高三 一模 2025,26,7
高三一模数学,27,7
高三年级12月检测训练,19,7
高三英语,13,7
高二,23,7
黑龙江实验中学,36,7
2020 0 1全国1 数学高考试卷,16,6
2024 0 1 1卷 数学 真题,10,6
2025届安徽省江南十校联考高三下学期3月,28,6
2025黑龙江一模,18,6
2026 0 1 一 卷浙江高考 英语真题,15,6
2026年普通高等学校招生全国统一考试模拟试题,21,6
2026年高三年级2月阶段训练,18,6
一模 2025分类汇编,13,6
七选五,18,6
三校联考,27,6
三角恒等变换,11,6
上饶市2026届高三一模,12,6
临川一中,20,6
二中,15,6
二诊,15,6
五校联考,16,6
人大附,20,6
入学考,54,6
八校联考,15,6
冲刺新高考 2026届高考仿真模拟卷 T8,43,6
化学高二上学期期末,12,6
北京市西城区2025 2026学年度第一学期期末试卷,20,6
北京期末,19,6
南京市 盐城市 2025 2026学年度第一学期期末调研测试,18,6
南宁二中,19,6
压轴,16,6
厦门一中,21,6
厦门双十,25,6
吉林一中,14,6
哈 三 中 2 0 2 5 2 0 2 6 学 年 度 三 学 年 期 中 考 试,16,6
哈三中一模,15,6
哈六中,16,6
唐山,26,6
圆锥曲线 023专题,7,6
复数,23,6
外国语,16,6
大庆实验中学高一下学期开学考试,14,6
天津高考,15,6
安徽天一大联考,16,6
宿州一模2026,19,6
导数 023专题一轮复习,13,6
导数单调性,10,6
山东 12月联考2025高三,15,6
工艺流程,17,6
平行四边形,18,6
广东期末,14,6
广州,15,6
广州大学附属中学,28,6
开学考 2024 2025 七下,22,6
开学考试卷,25,6
必刷题 2025电子版,17,6
成都七中2026届高三下期开学考试,39,6
扬州一模,16,6
排列组合,10,6
教材,26,6
数列大题,11,6
数学中考,20,6
数学高考真题,18,6
新课程能力培养,45,6
新高考2卷,16,6
期末 2025 2026上学期期末测试卷,35,6
期末考,36,6
杠杆,9,6
杭州,17,6
林海雪原 分章节检测,24,6
梅州,23,6
梅州市高三一模,26,6
楚天协作体,22,6
武汉九调,27,6
武汉二调2025数学,8,6
武汉调研,21,6
汕头市 2025 2026学年度普通高中毕业班教学质量监测,23,6
江南 十校 12月份 联考,19,6
江南十校高三2025届3月,17,6
江淮十校,14,6
江苏期末,13,6
江苏省一模,18,6
江苏阶段检测,20,6
沅澧共同体,25,6
河南省实验中学,35,6
法律与生活,12,6
泰州,13,6
浙南名校联盟寒假返校联考,34,6
浙江 026届 高三首考,12,6
浙江 首考1月2026,14,6
浙江中考,23,6
浙江省强基联盟,22,6
海淀,16,6
深一模,25,6
深圳 025 年高三 一模,9,6
深圳中学2026 高三复习检测四,16,6
湖北期末,20,6
潍坊市潍坊市五年级下册,38,6
物理 01 新中考 卷 新题 型 结构 学易金卷 2024 年 中考 考前 押题 密卷 2025 零一 二零二四 二零二五,13,6
物理中考,11,6
物理高三,10,6
石家庄,17,6
社戏,20,6
福州 1月份市质检,21,6
空间向量与立体几何,14,6
等差数列,13,6
绵羊二诊2026届,12,6
聊城一模,17,6
苏州期末,16,6
苏锡常镇025高三一模,24,6
英语阅读理解,21,6
葫芦岛,33,6
蚌埠市2026届高三年级第一次教学质量检查考试,18,6
衡水金卷先享题,16,6
西工大附中,41,6
解析几何大题,15,6
计算 100专项训练计算专项,18,6
语文作文,12,6
语文答题模板,9,6
质量检测,16,6
贵阳一模,18,6
辽宁10名校联盟,8,6
连云港,28,6
遗传,9,6
金考卷,18,6
长沙一中,13,6
长沙一模2026,10,6
长沙市一中,11,6
长沙市第一中学,25,6
青岛2025 2026上学期期末,25,6
骆驼祥子,20,6
高 二下 3月份开学考,28,6
高一开学考,32,6
高一物理,11,6
高三开学考,67,6
高二 下学期 3月考,17,6
高二上学期期末,138,6
高二上生物期末,13,6
高二下学期开学考,64,6
高二下第一次月考,27,6
高二开学考,50,6
高二物理,11,6
高考英语,14,6
2024 0 全国高考数学甲卷,8,5
2024 2025,21,5
2025 0 1 1卷 数学 真题,22,5
2025 江南十校 3月 高三联考化学,8,5
2025湖南中考数学,8,5
2025英语,7,5
2026 T8联考,14,5
2026届高三二月学情检测,10,5
2026年高考第二次模拟考试,9,5
2026年黑龙江省 六校联盟 高三年级联合适应性测试物理,12,5
2026济南一模,10,5
2026苏北四市一模,14,5
25年 1卷 高考 数学,12,5
43中,21,5
C20,20,5
T 8联考 01月联考2026八省联考,14,5
ppt,14,5
一元一次方程,11,5
一年级下学期阶段检测,9,5
一本,9,5
一模化学,17,5
七下,20,5
七年级下册,18,5
七年级下学期期中,14,5
三省三校,24,5
三省三校 黑龙江哈师大附中 东北师大附中 辽宁实验中学,20,5
三角函数大题,8,5
专题01,21,5
东北三省,17,5
东北三省一区2025 2026高三学年第一次模拟考试,16,5
中科大少年班入围数学试题,13,5
临沂一模2025,32,5
丹东二中,11,5
九 202 6九师联盟,10,5
九师 联盟1月,20,5
九年级上学期期末,19,5
二元一次方程,17,5
二次根式 100道计算,17,5
云南,38,5
云师大附中,27,5
交变电流,14,5
众相原创 赋能中考,14,5
优化设计,23,5
佛山 024 2025一模,11,5
佛山市普通高中教学质量检测 一,12,5
免费2024,6,5
免费20245高考真题,9,5
免费下载,8,5
免费下载试卷,13,5
免费试卷,9,5
全品作业本,18,5
八下数学,26,5
八年级上册,29,5
八年级下学期阶段检测,12,5
八省联考 12月2026届,21,5
八省联考数学,7,5
内初班真题卷新疆数学,16,5
内蒙古阶段检测,17,5
凯里一中,12,5
函数 01 高三一轮数学,10,5
初三下册二检,34,5
初中上分卷,21,5
动量定理,16,5
化学 必修一 1必背知识点清单总结,13,5
化学一模,10,5
化学方程式,10,5
化学方程式大全,15,5
化学有机大题,6,5
北斗星盟,19,5
十三中,11,5
南京 026高三一模,12,5
南京外国语学校,12,5
南京师大附中,12,5
南通 0模2025高三,12,5
南通市2026届高三学业质量监测,13,5
卷,32,5
卷子,16,5
原子结构与性质,8,5
厦门双十中学,18,5
双十中学,13,5
合肥 1 月份教学质量高三,16,5
合肥 1 模2026,10,5
合肥 一模2026,18,5
合肥168中学,9,5
合肥一模化学,11,5
合肥二模,20,5
合肥市2026届高三第一次教学质量检测,9,5
吉大附中,14,5
吉林,38,5
哈九中,12,5
哈尔滨三中,17,5
四年級 2024年上册期末考试数学人教版,10,5
四年级下学期阶段检测,22,5
圆锥曲线 023专题 大题,8,5
圆锥曲线大题,14,5
圆锥曲线大题专题,11,5
大庆实验中学,20,5
大湾区一模,27,5
大连育明,16,5
天利38套,15,5
天河区二模,18,5
如皋,12,5
学考,21,5
安徽,22,5
安徽中考10 年真题,12,5
宜兴,19,5
实验,15,5
宿州一模,8,5
导数 023专题,10,5
山东 10名校联盟,10,5
山东菏泽一模,15,5
山东高三下学期期末,13,5
山西大学附属中学,20,5
希望杯,15,5
延边州统考,10,5
强基计划,13,5
必刷题 2026电子版,17,5
思维导图,57,5
成都 七中 12月模拟一诊,7,5
成都七中开学考,13,5
执信中学,16,5
教辅,9,5
数列专题,8,5
数学试卷,19,5
文言文阅读,13,5
日照1月 2026高三期末,8,5
日照一模,19,5
昆一中,15,5
春季高考,15,5
月 考,11,5
月考 3月,16,5
机械波,14,5
杨村一中,25,5
杭二,9,5
杭州 024 20226一模数学,11,5
林海雪原,11,5
枣庄一模,6,5
桃花源记,11,5
梅州一模2026,22,5
武汉 0 1月 调研,10,5
武汉 0 1月 调研 数学高三,8,5
武汉二中,11,5
武汉市2025届高中毕业生二月调研考试,8,5
汕头,15,5
江南 10 十校2025,33,5
江南 十校 3月份 2025高三,17,5
江南十校 3月,6,5
江苏高考,8,5
江西重点中学协作体2026届高三下学期第一次联考,11,5
沪教版,13,5
河北衡水中学,88,5
泰州中考,11,5
泸州二诊,11,5
济南 一模 2026 高三英语,8,5
济南开学考,17,5
济南高三一模,9,5
浙南名校,16,5
浙南名校联盟,17,5
浙江高考,8,5
海口市2026届高三年级调研考试,11,5
海淀区,29,5
淄博一模,13,5
深圳一模 2025,7,5
深圳市1模,11,5
湖北云学联盟,21,5
湖南师大附中 2 0 26届高三 月考卷 三,13,5
湛江,14,5
潍坊2026一模,21,5
潍坊一模化学,8,5
潍坊市高新区五年级下学期,51,5
潍坊市高考模拟考试,18,5
潍坊市高考模拟考试2026,13,5
烟台 一模 2026,10,5
牡丹江市第一高级中学,17,5
物理 01 2024 年初 中 九年级 期末,14,5
物理卷,30,5
物理期末试卷,30,5
物理高考,5,5
琢名小渔,7,5
生地会考2026知识点,17,5
生物 遗传大题专练,9,5
病句,9,5
病句修改,14,5
知识点 1 归纳总结,20,5
石门中学,13,5
福建 1月 福建高中七地市联考,13,5
科学,20,5
空间向量,23,5
立体几何 2025 常考大题,8,5
竞赛数学,13,5
第1单元,11,5
第一单元,28,5
简爱,15,5
结课考天津,14,5
绵阳,21,5
育才,26,5
育才中学,14,5
能力培养,40,5
芜湖一中,17,5
苏锡常镇,28,5
苏锡常镇一模,48,5
英 语,39,5
英语语法填空,10,5
英语阅读 100篇专项训练,9,5
莆田,18,5
葛军高考信心跃升卷,10,5
衡水中学高三,16,5
衡水二中,20,5
襄阳四中 2026 届高三上学期质量检测 五,9,5
西北师大附中,10,5
语文100天复习计划表,8,5
语文一模,17,5
语法,10,5
语法填空 100篇专项训练,12,5
读后续写,10,5
贵阳2026届高三下适应性考试,21,5
辽宁中考,12,5
辽宁五校联考,11,5
辽宁名校联盟一模,19,5
道法,23,5
遵义市2026届高三年级第二次适应性考试,9,5
郑州一模,16,5
郸城一高,14,5
重庆 一中,8,5
重庆八中高三开学考,33,5
重庆南开,12,5
重庆巴蜀,20,5
重庆市第一中学校,27,5
重庆育才中学,17,5
金华十校2025 2026学年第一学期期末调研考试,10,5
金考卷 2025版,10,5
长沙 1月 高三一模,12,5
长沙 1模,9,5
陕晋青宁四省联考,9,5
陕西,8,5
雅礼中学 026高三 第三次月考,23,5
青岛一模2026,6,5
青岛中考,6,5
音乐,9,5
顶尖课课练,28,5
首字母,27,5
马尔科夫链,9,5
高 考 2025高考真题,16,5
高一上化学期末,20,5
高一下开学测,19,5
高一化学,15,5
高一数学,16,5
高一英语,11,5
高三一模2026,30,5
高三地理,10,5
高三期末,25,5
高三生物,18,5
高二上学期期末考试,40,5
高二下,13,5
高二下学期开学考试,33,5
高二化学,18,5
高考作文,11,5
高考卷,25,5
高考历史,16,5
高考物理,10,5
高考英语 10年真题,18,5
高考英语高频词汇,22,5
高考试卷,13,5
黑龙江 1月2026联考高三六校联盟,7,5
黑龙江一模2026,12,5
黑龙江省 六校联盟 高三联合适应性测试,8,5
黑龙江省实验一模,14,5
黑龙江省实验中学2026届高三联合模拟,49,5
黑龙江省实验中学高三一模,22,5
黑龙江省示范性高中专业委员会,11,5
黑龙江高三一模,16,5
黑龙江高三一模考试2026,8,5
默写,10,5
齐齐哈尔,18,5
龙岩,20,5
126中学 沈阳,11,4
2019 0 全国统一高考1卷数学,4,4
2024江南十校高三,10,4
2025-2026,32,4
2025一模,22,4
2025一模数学试卷,7,4
2025中考,14,4
2025全国1卷,7,4
2025届辽宁省名校联盟高三一模试题,10,4
2025山东中考数学,9,4
2025山东省菏泽市高三一模,9,4
2025年各省英语卷中考卷,17,4
2025年普通高中学业水平选择性考试,10,4
2025年武汉二调数学,12,4
2025年甘肃省庆阳市高三一模试卷,19,4
2025年黑龙江省一模考试试题,59,4
2025新高考一卷数学,11,4
2025济南中考数学,6,4
2025湖北高考地理,5,4
2025烟台一模,6,4
2025石家庄一模,8,4
2025高考真题,25,4
2026二月高三核心素养评估山东,13,4
2026届大湾区普通高中毕业年级联合模拟考试,8,4
2026届大湾区普通高中毕业年级联合模拟考试一,9,4
2026山东一模,21,4
2026泉州二检,7,4
2026聊城市高三期末,7,4
2026高三2月阶段训练,15,4
2026黑龙江一模,11,4
2026黑龙江省示范性高中一模,13,4
3500词,10,4
47中,11,4
A10 1号卷开年考2月,12,4
A10 联盟 2月安徽高三2026,8,4
PPT,8,4
T 8 01月联考2025联考,8,4
XLM1,18,4
Z20 名校联盟2026届高三第二次联考,28,4
一战成名 2026,13,4
一模卷 2026,14,4
一模数学,15,4
一诊,11,4
一轮复习,13,4
七下湘教版地理默写,6,4
七下英语,10,4
七彩阳光,10,4
万唯,9,4
万唯2026试题研究,5,4
三角 函数025一轮专题,8,4
上海阶段检测,13,4
上进联考,11,4
不等式,12,4
东城区2025 2026学年度第一学期期末统一检测,16,4
东营,8,4
中国人民大学附属中学,7,4
中考一模2026,10,4
中考卷,44,4
中考历史,9,4
中考模拟卷2026,8,4
中考物理,19,4
中考英语,11,4
中考语文,11,4
临沂 2026 高三上学期 期末,8,4
举一反三,20,4
九上化学期末试卷,11,4
九上英语,12,4
九下开学考,19,4
九师联盟2月,15,4
九年级下学期中考模考,6,4
九年级英语,22,4
九校联考,11,4
九江2026第一次高考模拟统一考试,14,4
二模 2025分类汇编,17,4
二次根式100道计算题,6,4
于洪区2024 2025学年度下学期零模测试,13,4
云大附中,25,4
云学,8,4
云学联盟2月湖北高三,9,4
五年高考三年模拟,8,4
佳木斯市第一中学,11,4
保定1 27高三期末调研,9,4
光,12,4
光学,11,4
光的反射,8,4
入学,17,4
入学测,26,4
全国初中数学联赛,8,4
八0 八省联考,8,4
八下语文,26,4
八年级,13,4
八年级下学期期末,6,4
六安市第九中学,22,4
六校联盟,10,4
内江六中,12,4
几何证明,10,4
分层作业,12,4
创新设计,14,4
力,13,4
力学,7,4
化学知识点,10,4
化学试卷,14,4
北京二中,22,4
北京十一学校,13,4
北京阶段检测,10,4
北京高三下学期期末,15,4
北京高考,12,4
华中师大一附中,15,4
华中师范大学第一附属中学,11,4
华南师范大学附属中学,13,4
华大新高考联盟,8,4
华师一附中,7,4
华师一附中圆锥曲线专题,4,4
华附 省实 广雅 深中,12,4
协作校,27,4
单元卷,14,4
单元测试卷,17,4
单次背默,12,4
单词表,18,4
南宁,7,4
南通市2 026高三一模,17,4
南通市2026届高三学业质量检测,11,4
压强,7,4
受力分析,7,4
口算,13,4
合格性考试,14,4
合肥一模数学,6,4
合肥高三一模,10,4
同步练习,13,4
同步解析与测评,15,4
名师测控,24,4
名校协作体 高二下学期开学考,6,4
名校学案,7,4
名校联盟3月份,4,4
名校联盟辽宁,15,4
向量单元测试,4,4
听说,12,4
和平一模,13,4
哈 三 中 2 0 2 5 2 0 2 6 学 年 度 三 学 年 期 末考试,10,4
哈尔滨 1月份 2026期末,7,4
哈尔滨一模,7,4
哈尔滨市第三中学,15,4
哈尔滨第三中学一模,7,4
嘉积中学,12,4
四十三,10,4
四边形,10,4
圆锥 曲线,9,4
地理一模,11,4
地理中考,20,4
地生会考真题,15,4
塘沽一中,10,4
复旦大学附属中学,18,4
大连育明高级中学2025 2026学年 上 期末考试,13,4
天星,7,4
天星2026版45套卷,6,4
天星2026版45套卷中考,11,4
天津一中英语高三,10,4
天津中考模考,10,4
天津市南开中学,27,4
天津英语高考,7,4
威海一模,19,4
子 路 曾 公西华侍坐,7,4
学 易 金卷2025 2026,9,4
学 易金卷,14,4
学2026易金卷,8,4
学军,20,4
学海风暴,16,4
宁德,7,4
宁波,13,4
安庆四中,22,4
安庆市外国语学校,6,4
安徽江南十校,32,4
安徽高二春季阶段性检测,25,4
安徽高考,9,4
安徽高考真题,8,4
完形填空,13,4
寒假,15,4
寒假 作业,11,4
导学案,37,4
导数 0 基础题,8,4
导数压轴,7,4
导数的单调性,7,4
射洪中学,15,4
小升初数学,9,4
山东中考,15,4
山东中考模考,11,4
山东名校考试联盟2026年2月高三核心素养评估,26,4
山东名校联盟2026年2月高三核心素养评估,12,4
山东泰安,8,4
山东潍坊,13,4
山东省一模高三,21,4
山东省名校考试联盟2026届高三下学期2月份核心素养评估,19,4
山东省实验,10,4
平抛运动,10,4
平面向量及其应用,7,4
广东省一模,9,4
应用题,10,4
延边二中,13,4
延边州2025年高三教学质量检测,11,4
建三江一中开学考,13,4
开学摸底考,45,4
开学考高二下学期,17,4
德州,15,4
德州一模,16,4
忻州一中,21,4
思想政治,14,4
惠州,16,4
惠州市2026届高三第二次调研考试,10,4
成都七中高三026届高三上期期末考试,8,4
成都七中高三开学考,14,4
成都中考,5,4
成都二诊,9,4
成都第七中学,9,4
手拉手模型,5,4
扬州中学,10,4
抛体运动,6,4
抛物线,13,4
摩擦力,7,4
摸底,34,4
政治一模,8,4
政治选必二,14,4
数学书电子教材,39,4
数学二次函数压轴题,5,4
数学压轴题,21,4
数学必修一试卷,8,4
数学期中,25,4
数学竞赛,11,4
数学竞赛初中,14,4
数学高三,10,4
数学高二下开学考,24,4
新疆阶段检测,15,4
新课标1卷,16,4
日照02025一模,13,4
昆明市第一中学,10,4
昆明市第一中学2026届高三2月复习诊断,12,4
曲线运动,12,4
有机化学基础,6,4
朝阳区,22,4
期初考试高二下,25,4
期末 2024 2025上学期期末测试卷,24,4
机械能守恒定律,5,4
杭州二中,13,4
极值点偏移,8,4
枣庄一调,7,4
枣庄一调2026,12,4
核心素养评估,20,4
楞次定律,8,4
榆林市第一中学,10,4
模考,41,4
武汉市2025届高中毕业生四月调研考试,7,4
江南 10 十校3月 联考2025高三,8,4
江南十校2025,10,4
江南十校2025高三,11,4
江南十校2025高三3月,9,4
江苏 0225 中考 真题,12,4
江西九校联考,10,4
江西红色十校,17,4
沈北新区,11,4
沈阳43中,9,4
沈阳市高中三年级教学质量检测一,11,4
河东期末,14,4
河北一模,5,4
河南九年级下学期期末,17,4
泉州 1 月份 2026高三二检 数学,4,4
泉州二检,11,4
泉州市2026届高三质量监测二,12,4
济南 一模 2026 高三,7,4
济南一模化学,5,4
济南一模数学,5,4
济南一模英语,11,4
济宁 1月 期末2026高三,8,4
济宁 一模2025高考,5,4
济宁2024高三一模考试数学,5,4
浙南 金兰七彩精诚二月联考,9,4
浙南联盟,17,4
浙江 一月 2026首考,4,4
浙江z20,6,4
浙江省 026届 1月真题,6,4
浙江省 七年级上册 2024-2025学年 第一学期 期末 社会法治 试卷（含答案）,5,4
海安中学,9,4
海门,12,4
淄博,21,4
淄博 1月 2026高三一模,6,4
深圳 一模2026,15,4
深圳一模数学,11,4
温州,9,4
温州1 5模数学,6,4
湖北云学联盟2月,7,4
湖北省部分重点中学2026届高三第二次联考,18,4
湖南长沙,12,4
湛江一模,32,4
滨海新区,14,4
潍坊 一模,14,4
潍坊 一模 2026 高三,6,4
潍坊一模生物,9,4
潍坊市2 026高三一模,11,4
潍坊市2026届高三一模试题,12,4
潍坊市2026届高考第一次模拟考试英语试题,10,4
潍坊市奎文区五年级下册,17,4
潍坊市奎文区六年级上册,16,4
潍坊市高新区六年级上册,27,4
潍坊高三上学期 一模,11,4
潍坊高考模拟,8,4
潍坊高考模拟2026,7,4
烟台2025一模,8,4
物理2026高考模拟,18,4
物理实验,7,4
物理期末,11,4
物理电学实验专题,9,4
物理电磁感应,13,4
物理磁场,7,4
物理试卷,15,4
王朝霞,46,4
现在完成时,13,4
理综,5,4
生物会考,7,4
生物会考2025真题,9,4
生物竞赛2025初赛,15,4
电学实验专题,6,4
皖北协作区2025,6,4
皖南八校高三第二次大联考,9,4
盐城,7,4
相似三角形,4,4
福建名校联盟全国优质校2026届高三二月大联考,13,4
福建师大附中,5,4
离心率,5,4
第一次,12,4
第一次 月考,16,4
红色十校二月,13,4
统考,15,4
绵阳 1 诊,9,4
绵阳 2 诊2 026,6,4
综评测试题山东,16,4
网课,7,4
考试,18,4
能力培养与测试,39,4
自招物理,16,4
芜湖一模2026,10,4
苏北四市一模,6,4
苏南一模,8,4
苏州高三期末,10,4
英语 单词 3500背诵版高中,11,4
英语一模,13,4
英语作文 100篇范文,5,4
英语听说考试,9,4
英语四级真题,6,4
英语试卷,13,4
英语读后续写,9,4
菏泽 一模 2026,9,4
菏泽2025一模,28,4
菏泽2026届高三一模,7,4
菏泽期末,11,4
菏泽高三一模,10,4
虹桥,14,4
蚌埠,10,4
蚌埠 2025 2026学年 高二上学期 期末,9,4
蛟川书院,7,4
蜀山区一模,15,4
衡水 金卷,12,4
西北工业大学附属中学,24,4
西南名校联盟2026届 3 3 3 高考备考诊断性联考,5,4
西宁市2025 2026七年级上册地里第一学期期末调研测试卷,25,4
西工大附中2026一模,20,4
计数原理,10,4
计算题,15,4
计算题 100道,10,4
语文2025年高考真题,14,4
语文中考,11,4
语文书电子版,8,4
语文作文 2025备考素材作文,9,4
语文文言文 100篇专项训练,6,4
语文期末,27,4
语文默写 高三2026复习专题,6,4
课件 教案,13,4
豫西北 教研联盟2025 2026学年高三第一次质量检测试卷,9,4
贵州高考,6,4
贵阳,11,4
贵阳一中,40,4
贵阳市2026届高三适应性考试,12,4
费马点,8,4
辽南协作校1月期末2026,10,4
辽宁一模,7,4
辽宁名校联盟3月,20,4
辽宁省 0222025 名校 联盟,11,4
辽宁省七校协作体,22,4
运城市2025 2026学年第一学期期末调研测试,9,4
追梦之旅,15,4
逆等线模型,7,4
透镜,7,4
通州,8,4
道德与法治,29,4
遗传大题专练,7,4
郑州,12,4
郑州 2026高三一模,12,4
郑州 一模 2026 高三,5,4
郑州外国语,23,4
鄂尔多斯,15,4
配速法,11,4
重庆 0224巴蜀,10,4
重庆 八中,23,4
重庆巴蜀中学,25,4
重庆市,18,4
重庆市巴蜀中学,9,4
重庆市第八中学校,11,4
重庆第一中学,7,4
重庆育才,15,4
重难点培优,15,4
金版教程,20,4
金版新学案,13,4
金考卷 2025版45套,13,4
金考卷2026,9,4
金考卷2026版,7,4
金陵中学,9,4
银川一中,10,4
错题本,6,4
锡山高级中学,20,4
长沙市,10,4
长沙市 026高三一模,6,4
长郡 20校联考2025年12月数学试卷,7,4
长郡中学开学考,6,4
陕西师范大学附属中学,9,4
集合,14,4
青岛 023 2026高三 一模,11,4
青岛市,11,4
青岛期末,10,4
青岛部分学生调研,9,4
鞍山市普通高中2024 2025学年度高三第二次质量监测,11,4
马鞍山一模,7,4
骆驼 祥子必刷题,6,4
骆驼祥子 2025习题,8,4
高 一下 1 开学测,12,4
高 一下 1 期中,12,4
高一,26,4
高一上学期期末,25,4
高一下,15,4
高一下学期开学考,14,4
高一下学期开学考试,12,4
高一下学期期中,23,4
高一语文,16,4
高三下学期期末,10,4
高三核心素养评估,15,4
高三语文,17,4
高三长郡中学物理,12,4
高三题库,6,4
高中生物,18,4
高中语文作文素材,13,4
高中语文答题模板doc,8,4
高二上,17,4
高二上化学期末,7,4
高二上学期物理期末试卷,7,4
高二英语,11,4
高考 数学10年分类汇编,7,4
高考政治,8,4
高职单招,27,4
黄冈,14,4
黄金卷,14,4
黑龙江省实验,18,4
黑龙江省实验2026一模,8,4
黑龙江省实验2026届高三学年联合模拟考试,14,4
黑龙江省实验中学 高三一模,33,4
黑龙江省实验中学一模,11,4
黑龙江省实验中学模拟考试,24,4
黑龙江省实验中学高三,15,4
黔东南州2025 2026学年度第一学期期末文化水平测试,29,4
鼎城中考精准提分2026版河南,7,4
鼎尖,14,4
齐鲁名校大联考,7,4
齐齐哈尔一模,34,4
龙东10校,8,4
龙东开学考,9,4
100所名校高考模拟金典卷 2026,4,3
1月联考,15,3
2021 0 1全国1 数学高考试卷,5,3
2021中考数学安徽,5,3
2021八省联考,6,3
2021届八省联考数学试卷,9,3
2022 0 1 1卷 英语高考 真题,6,3
2022新高考一卷语文,4,3
2022高考数学真题,4,3
2023,8,3
2023 2024,9,3
2023北京高考,10,3
2023年内蒙古包头市中考数学试题,9,3
2023年江西省中考数学试卷,10,3
2023级校际联考 三 英语学科试题,4,3
2024 2025学年九年级化学上学期期末模拟卷,6,3
2024八省联考,6,3
2024北京高考,9,3
2024年内蒙古自治区中考化学真题,9,3
2024新高考2卷数学,3,3
2024烟台一模,7,3
2024高考语文北京,6,3
2025 2026学年上学期桂林市高三年级期末质量检测,14,3
2025 T8联考,8,3
2025 年0 1卷 全国1I卷 高考语文,6,3
2025 年0 1卷 全国1卷,4,3
2025 年0 1卷 全国1卷语文,4,3
2025 新课标1卷,5,3
2025 江南十校 3月 高三联考 数学,5,3
2025 江南十校 3月 高三联考物理,7,3
2025 高考 1卷 数学 真题,8,3
2025-2026学年上学期高二政治学科阶段性作业,30,3
2025~2026年，江西省抚州市金溪县九年级上册化学,5,3
2025中考数学,3,3
2025全国1卷 语文 高考真题,7,3
2025全国1卷语文,8,3
2025全国2卷 语文 高考真题,5,3
2025北京高考,6,3
2025吉林省延边朝鲜族自治州一模,14,3
2025天津3月高考英语真题,3,3
2025学年第一学期,9,3
2025安徽江南十校联考,7,3
2025届南充二诊数学,8,3
2025届湖南省湘潭市第一中学高三第一次教学质量测试英语,3,3
2025山东中考,16,3
2025山东历史高考卷,14,3
2025山西一模,4,3
2025年,6,3
2025年 江南十校 高二12月阶段联考,7,3
2025年乌鲁木齐市第2次质量监测理综卷,6,3
2025年佛山市南海区中考数学三模试卷,4,3
2025年南通中考数学,6,3
2025年延边州高三一模统考,9,3
2025年普通高等学校招生全国统一考试全国二卷英语,4,3
2025年江南十校安徽联考高三,9,3
2025年江南十校高三3月一模安徽数学,3,3
2025年泸州市龙马潭区中考一模,10,3
2025年深圳市高三年级第一次调研考试,16,3
2025年湖南省初中学业水平考试,17,3
2025年秋季学期湖北十一校高三年级质量检测,5,3
2025年苏锡常一模,7,3
2025年赤峰松山区初三物理3、20,4,3
2025年青岛中考语文真题,6,3
2025广州一模,11,3
2025延边州高三一模,10,3
2025延边州高三统考,9,3
2025徐州中考数学试卷,5,3
2025新高考I卷英语真题,5,3
2025无锡中考数学卷,4,3
2025武汉二调,10,3
2025汕头一模,3,3
2025汕头一模数学,9,3
2025江南十校英语,3,3
2025江苏数学中考试卷,6,3
2025江苏高考物理,4,3
2025江门一模,19,3
2025河北唐山高三一模,11,3
2025济南高三质量检测,6,3
2025济宁一模,7,3
2025淄博一模,12,3
2025淄博中考数学,4,3
2025深一模,19,3
2025深圳一模,5,3
2025滨州高三一模,12,3
2025潍坊中考数学,3,3
2025潍坊中考数学真题,4,3
2025物理 1卷高考全国卷真题,5,3
2025荔湾区八下期末考数学卷,8,3
2025青岛一模,10,3
2025青岛自招物理真题,7,3
2025高考全国一卷数学,4,3
2025高考数学,5,3
2025高考语文,4,3
2026 0 1 一 卷浙江首考 地理真题,7,3
2026 届高三12月大联考 新课标卷 语文,12,3
20262月高三核心素养评估,20,3
2026中考,5,3
2026九省联考,5,3
2026十堰市高三学1月调研,4,3
2026合肥一模,11,3
2026合肥一模化学,3,3
2026合肥市高三第一次教学质量检测化学,8,3
2026威海环翠区九年级语文,13,3
2026届云南三校高考备考实用性联考卷 六,7,3
2026届大湾区普通高中毕业年级联合模拟考试 一,10,3
2026届大湾区普通高中毕业年级联合模拟考试一日语,3,3
2026届广州市高三年级调研测试,5,3
2026届高三12月大联考 新课标卷,16,3
2026届高三第二次联考卷日语,5,3
2026山东省济南市高三一模,10,3
2026年1 月6号浙江高考首考英语,7,3
2026年2月核心素养评估,14,3
2026年2月高三核心素养评估英语,6,3
2026年A10,10,3
2026年中考第一次模拟考试,8,3
2026年元月高三素质检测考试,6,3
2026年合肥市高三第一次教学质量检测语文,5,3
2026年大连市高三双基模拟考试,7,3
2026年龙东地区初中学业水平考试调研测试,10,3
2026沈阳市高中三年级教学质量检测,8,3
2026济南一模物理,7,3
2026济南高三一模,13,3
2026潍坊1月高三一模,4,3
2026菏泽一模,7,3
2026西城高三期末语文,4,3
2026长沙一模,17,3
2026高三第一次适应性考试,9,3
2026高考仿真模拟卷,8,3
25年 1卷 高考,5,3
3500,8,3
3月开学考,11,3
3月月考试卷,11,3
4月,19,3
688词汇,9,3
A10 12月安徽1号卷 A10联盟,4,3
A10联盟2023级高二下学期2月开年考,5,3
C20安徽一模,18,3
G12名校协作体,11,3
G4 江苏高三12月,15,3
MST2026版二轮复习数学,4,3
Q6,7,3
T 8,4,3
T8联考数学,4,3
Z20 名校2026高三第二次联考,5,3
Z20 名校联盟,4,3
c20,8,3
mst,6,3
www.zxxk.com,9,3
【寒假自学课】2025年八年级数学寒假提升精品讲义（华东师大版）,8,3
一 模,7,3
一年级上学期阶段检测,6,3
一战成名2026初中英语,11,3
一战成名新中考,11,3
一模 1 2026数学,13,3
一模保分卷,5,3
一模物理,12,3
一模英语卷,9,3
一模试卷潍坊,10,3
一飞冲天,19,3
一飞冲天 2026年 天津专版,12,3
七下数学,14,3
七下数学期中,13,3
七下数学期中人教版免费,6,3
七下月考,7,3
七下月考第一次数学,9,3
七下第一次月考,6,3
七年级上册期末考试卷,18,3
七年级上册英语听力专项训练,6,3
七年级下学期期末,12,3
七校协作体,4,3
七校联考,12,3
万唯 2025八年级上册,4,3
万唯 2026,8,3
万唯2020 2025试题研究,4,3
万唯中考试题研究历史2026,7,3
万唯黑白卷,3,3
万有引力定律,3,3
三帆中学 开学考,10,3
三月月考,14,3
三月考,21,3
三校,6,3
三模,20,3
三角函数专题,10,3
三角形,4,3
三角形内角和定理 北师大新版,7,3
上 好课,7,3
上好课：2026高中地理学业水平合格考总复习,18,3
上海二模,9,3
上海实验学校,4,3
不等式与不等式组,6,3
专项,7,3
专项训练,15,3
专题01有理数华东大师版八大知识点12大考点,10,3
专题04 相交线和平行线 5大知识点 9大考点 复习提升 寒假复习讲义 七年级数学新教材华东,7,3
东北三省三校联考,4,3
东北师范大学附属中学 高三期末,9,3
东城,16,3
东城区,7,3
东营 一模 2026,6,3
东营市,20,3
中考 1600词汇背诵,3,3
中考 数学,9,3
中考 真题,5,3
中考100分基础题,11,3
中考123,11,3
中考化学,8,3
中考复习,5,3
中考复习指南,21,3
中考模拟,11,3
中考模拟卷英语,6,3
中考物理一轮复习,6,3
中考真题数学山东,7,3
中考英语听力真题汇编 含听力原文及音频,4,3
中考高频词汇,4,3
中职数学,12,3
临沂 一模 化学,6,3
临沂二模化学,7,3
临沂市一模,14,3
丹东市2025 2026高三质量监测化学,4,3
乌鲁木齐地区2026年高三年级第一次质量检测,9,3
乌鲁木齐地区2026年高三年级第一次质量监测,8,3
乐山,13,3
九上道法期末试卷,13,3
九下入学考试物理长沙,3,3
九中,13,3
九师,19,3
九师联盟高三核心模拟卷中,3,3
九年级上册化学,11,3
九年级下开学考,12,3
九年级化学,8,3
九年级开学考,7,3
九江一模,6,3
九江一模2026,6,3
九江市2026年第一次高考模拟统一考试,9,3
九江市三中,12,3
九省联考数学,5,3
九龙坡,8,3
二 元一次方程组100道计算,4,3
二年级下学期阶段检测,14,3
二年级数学上册期末测试卷,5,3
二月,21,3
二月调研考试,14,3
二检 2025福建,5,3
二次 函数,10,3
二次 函数025一轮专题复习,7,3
二轮专题,7,3
云南三校2026届高考备考实用性联考卷,5,3
云南师大附中 026高三月考试卷,14,3
云南省师大附中,8,3
云学联盟2月湖北物理,3,3
云学联盟2月湖北高三生物,5,3
五三,7,3
五华区2024 2025下学期学业质量检测,13,3
五年级下学期阶段检测,15,3
人大附中开学考,10,3
人教版,8,3
众相原创,4,3
优化学案,11,3
优化探究,7,3
优秀作文,7,3
会泽县2024至2025学年秋季学期教学质量监测高一生物试题卷,14,3
会考 20 25年普通高中学业水平考试,6,3
传送带,5,3
传送带模型,5,3
体育单招,6,3
佛山 024 2025一模数学,4,3
佛山 一模,7,3
佛山 一模2026,16,3
佛山七下历史期中,7,3
佛山七下地理期中,7,3
佛山七下生物期中,3,3
佛山七下道法期中,7,3
佛山市第一中学,19,3
佛山数学,4,3
佛山高一上学期期末英语,6,3
作文 范文,7,3
佳木斯市第二中学,5,3
保定市2025年中考数学测试卷,9,3
光合呼吸大题,5,3
光学复习,6,3
光的折射,5,3
全优课堂,8,3
全品,13,3
全国100所名校高考模拟示范卷,11,3
全国一卷,4,3
全国二卷,5,3
全国卷,11,3
八上数学期末试卷,22,3
八上物理期末,11,3
八下数学试卷期中,16,3
八下月考数学,12,3
八下第一次月考全国,12,3
八年级上册期末,13,3
八年级上册物理试卷,4,3
八年级上学期期末,12,3
八年级下册开学考,13,3
八省联考 2025,10,3
八省联考英语,3,3
八省联考语文,7,3
六安市2026年高三学业水平检测,9,3
六年级上学期期末,9,3
六盘水市高一期末,7,3
兰州,13,3
兴化,12,3
兴化中学,8,3
内初班真题卷新疆数学2024,8,3
内蒙古七年级下学期阶段检测,8,3
内蒙古乌兰察布集宁八年级,3,3
农业区位因素,4,3
几何,4,3
几何大题,3,3
几何最值问题,19,3
凯里一中黄金卷,8,3
出师表,6,3
函数单调性,5,3
分班考,9,3
创新拔尖人才选拔,20,3
创新班,18,3
初中 1轮复习,7,3
初中学业水平手册,10,3
初中总复习,7,3
初中数学竞赛,9,3
力的合成与分解,8,3
动态电路,8,3
动点,7,3
勾股定理,13,3
化学 01易错易混,7,3
化学 1轮复习,18,3
化学中考,9,3
化学工业流程题,5,3
化学有机,10,3
化学有机大题综合练,5,3
化学期末,6,3
化学知识点总结,14,3
化学选修二,5,3
化学酸碱盐,5,3
北京四中,10,3
十一中,9,3
十一高,5,3
十五中,11,3
华东师范大学第二附属中学,18,3
华师1附中圆锥曲线专题,6,3
华附,9,3
协作体,8,3
协作校期末,11,3
单元,6,3
单元卷 测试卷,13,3
单元测,9,3
单招2025真题语文,3,3
单招数学,11,3
南京 盐城 2025 2026学年度高三第一学期调研测试,6,3
南京一模,4,3
南京中考,6,3
南京市2025届高三年级学情调研,9,3
南京盐城一模2026,8,3
南充,11,3
南充二诊数学,9,3
南宁一模2026,8,3
南宁二中开学考开学考下,6,3
南宁市2026届普通高中毕业班第一次适应性测试,4,3
南师大附中,6,3
南开中学重庆,5,3
南昌一模数学2025,8,3
南通 2026 届高三一模答案,4,3
南通一中创新班考试真题,3,3
南通一模英语,7,3
南通中学创新班考试真题,4,3
南通中考2025,11,3
南阳,8,3
南阳市2026届高三上学期期终质量评估,10,3
南阳市第一中学开学考,19,3
历史 01 二轮复习,5,3
厦门 1月质检,10,3
友好学校第80届期末联考,9,3
双台子区第一中学期初考试,19,3
双基,15,3
反演变换,5,3
受力分析专题,6,3
变压器,5,3
古诗,6,3
古诗词,4,3
古诗鉴赏,9,3
台州一模,15,3
合肥 1 模2026数学,3,3
合肥 1一模物理,7,3
合肥 一中,3,3
合肥一六八中学,8,3
合肥八中,9,3
合肥市包河区,6,3
合肥市瑶海区,13,3
合肥高三第一次教学质量检测,11,3
吉林二调 吉林市普通中学2025 2026学年度高中毕业年级第二次调研测试,5,3
同步练习册,9,3
名师测控 2025 鸿鹄志,12,3
名校,6,3
名校协作体 高二下学期,16,3
名著,6,3
向量 025一轮专题,4,3
向量加减法运算练习题,5,3
启东中学,5,3
启秀中学,10,3
吴老师工作室,6,3
周报,7,3
周测,6,3
呼伦贝尔,7,3
和平一模英语,5,3
和平区,7,3
咸阳市实验中学,9,3
哈 三 中,7,3
哈一中,9,3
哈三中2024 2025学年高一下学期4月月考试题,6,3
哈三中2025 2026,7,3
哈三中开学考试高一下开学考物理,4,3
哈三中高二期末,14,3
哈尔滨中考,6,3
哈尔滨市第六中学,4,3
哈尔滨省实验,7,3
哈尔滨高中一模,12,3
哈尔滨高二下开学考,5,3
哈师大附中 辽宁省实验中学 东北师大附中 2025年高三第一次联合模拟考试试题,7,3
哈师大附中一模,6,3
哈师大青冈实验中学,18,3
唐山2025一模,8,3
唐山一模,7,3
唐山一模2025,6,3
唐山市2025一模,12,3
唐徕中学,13,3
四则运算,4,3
四川七年级下学期期末,5,3
四川高一下学期期末,13,3
四校联考,11,3
四校联考 华附 省实 广雅 深中,7,3
四调,9,3
四边形 18 1专题复习,9,3
四边形单元测试卷,10,3
园,13,3
圆梦杯,5,3
圆锥曲线 12大基础题 8大提升题,4,3
圆锥曲线专题,7,3
地理中考2025真题,9,3
地理会考,12,3
地理山东,3,3
地理答题模板,4,3
地生中考,14,3
垂径定理,6,3
培优,9,3
基础,4,3
基础卷,9,3
堂堂清,9,3
复数 023 专题 一一 轮 复习,4,3
复数 023 专题 复数复习知识点,7,3
大庆,11,3
大庆实验,21,3
大庆铁人中学,4,3
大湾 区一模2026,6,3
大湾区2026,7,3
大连市高三双基模拟考试,10,3
天 一 大联考,11,3
天 一 大联考 2月 2025安徽,8,3
天枢教育2026年真题密卷,10,3
天水市第九中学,5,3
天水市第二中学,17,3
天津一中 高三 第四次月考,3,3
天津一中四月考,3,3
天津七中,6,3
天津三校联考,5,3
天津中考,5,3
天津九年级下学期期末,9,3
天津八年级上学期期末,6,3
天津市,9,3
天津市二十中学,8,3
天津市南开区2025 2026学年高三上学期期末英语试卷,4,3
天津市和平区,7,3
天津市新华中学,27,3
天津英语,7,3
天舟高考,6,3
太和中学,5,3
夺冠百分百,9,3
奥数,14,3
如东高级中学创新班考试真题,5,3
字帖,17,3
字帖7年级,7,3
孝感,9,3
孝感市2026届高三年级第一次统一考试,4,3
学业水平测试,11,3
学军中学 2026年1月首考适应性测试,5,3
学情调研,19,3
学易金卷一模,16,3
学案,24,3
学科网,7,3
学考物理,7,3
宁夏,10,3
宁夏中考,6,3
宁波九校联考,10,3
安师大附中,6,3
安徽A10联盟,14,3
安徽单招,7,3
安徽合肥2026高三第一次教学质量检测,5,3
安徽师范大学附属中学,7,3
安徽江南十校2025届高三3月联考,10,3
安徽省中考真题,18,3
安徽省江南十校2025届高三下学期联考数学,16,3
安徽第一卷,4,3
安溪一中,5,3
定语从句,4,3
宜宾,16,3
宝安中学,7,3
宾语从句,4,3
寒假作业 01,15,3
寒假作业地理湖北8上,3,3
寒假作业天天练文心出版社,11,3
寒假生活,12,3
寒假生活7年级,8,3
寒假自学课学知识抢先机,14,3
对数函数,4,3
导数 0 专题,5,3
导数得概念及其几何意义,9,3
导数极值最值,4,3
导数构造,8,3
将军饮马,5,3
小石潭记,8,3
山东 名校联盟,4,3
山东 泰安高三 一模2026,8,3
山东一模数学,5,3
山东七年级下学期阶段检测,9,3
山东东营一模2026,4,3
山东中考数学,6,3
山东临沂,10,3
山东九年级下学期期末,5,3
山东六年级下学期阶段检测,5,3
山东名校考试联盟生物,4,3
山东名校联盟 2月,16,3
山东名校联盟2026届高三下学期2月份核心素养评估考试,9,3
山东师范大学附属中学,13,3
山东数学,4,3
山东日照,6,3
山东济南2026届高三第一次模拟考试英语,9,3
山东济南一模,6,3
山东潍坊一模语文,3,3
山东省临沂市2025届高三一模,5,3
山东省名校考试联盟2026届高三下学期2月份核心素养,3,3
山东省实验中学 12月份 高三 第三次诊断性检测,4,3
山东省济南 2026届高考第一次模拟考试,5,3
山东省济南市02025 2026学年高三一模,8,3
山东省济宁市12县市区2024年——2025年九年级数学一模试卷,4,3
山东省潍坊市2026高三一模语文试题,11,3
山东省潍坊市昌乐新城中学,13,3
山东省菏泽市02025 2026学年高三上学期期末,4,3
山东省菏泽市02025 2026学年高二上学期期末,5,3
山东阶段检测,15,3
山大附中,3,3
山西太原高三期末,7,3
工大附中,8,3
巴南区,20,3
巴蜀 中学,15,3
巴蜀中学2026,13,3
师大附中 026高三,6,3
希望杯2026,13,3
帮课堂,19,3
常州中考卷,10,3
常州市,19,3
常州市2025 2026学年第一学期高三期中质量调研,8,3
常州市2025 2026学年第一学期高三期末质量调研,3,3
常州纺织服装技术学院,9,3
平面向量 025一轮专题,3,3
平面向量单元测试卷,9,3
平面向量的概念,3,3
广东二调,7,3
广东四年级下学期阶段检测,7,3
广东实验中学,19,3
广东梅州语文高三一模,8,3
广东省实验中学,4,3
广东省惠州市2026届高三第二次调研考试,6,3
广东省梅州市高三一模,9,3
广东高考物理真题,14,3
广东高考英语听说,9,3
广州一模 2025,8,3
广州市一模,8,3
广州调研,7,3
广州零模,10,3
广西,13,3
康德一诊,8,3
延安中学,5,3
延边州,37,3
延边州2025届高三质量检测,17,3
建平中学,7,3
开学卷,7,3
开学收心练,27,3
开学测试,36,3
开学考 2025 下学期,12,3
开学考高一上,15,3
弘毅,4,3
强基数学,9,3
强基联盟返校考,15,3
强基计划 2025年强基数学汇编,9,3
德强开学考,20,3
必修一生物期末试卷,10,3
必刷题 2026电子版高一,7,3
快乐假期,11,3
忻州一中开学考,17,3
思維导图,12,3
总复习,8,3
恩施高中,7,3
惠州一中 八年级 上 期末 英语,6,3
成语,9,3
成语积累,7,3
成都 七中高二2027届期末考试,10,3
成都 七中高二2027届期末考试物理,3,3
成都 二诊 2025届,10,3
成都七中2025 2026学年度高三入学考试,9,3
成都七中2026届高三上期期末考试,8,3
成都七中2026高三下期开学考,7,3
成都市2023级高中毕业班第一次诊断性检测,10,3
成都市第七中学,7,3
成都市第七中学2026届高三入学考试,16,3
打印,6,3
执信中学 开学测,9,3
扬州市梅岭教育集团期末,16,3
扬州期末,9,3
抚顺,10,3
抚顺六校协作体,7,3
报任安书,15,3
拉萨市2026届高三第一次联考理综卷,5,3
